<?xml version='1.0' standalone='yes'?>
<componentData>
  <component>
    <componentBaseName>bin_utils</componentBaseName>
    <componentFileName>bin_utils_glnxa64_1563491891.enc</componentFileName>
    <componentName>bin_utils_glnxa64</componentName>
    <componentVersion>1563491891</componentVersion>
    <instrset>0</instrset>
    <locale></locale>
    <locationId>1</locationId>
    <numFiles>1</numFiles>
    <platformList>
      <platform>glnxa64</platform>
    </platformList>
    <releaseFamily>R2019b</releaseFamily>
    <size>1826</size>
    <type></type>
    <uncompressedBytes>5234</uncompressedBytes>
  </component>
</componentData>
