<?xml version='1.0' standalone='yes'?>
<componentData>
  <component>
    <componentBaseName>gcc_runtime</componentBaseName>
    <componentFileName>gcc_runtime_glnxa64_1563491836.enc</componentFileName>
    <componentName>gcc_runtime_glnxa64</componentName>
    <componentVersion>1563491836</componentVersion>
    <instrset>0</instrset>
    <locale></locale>
    <locationId>1</locationId>
    <numFiles>4</numFiles>
    <platformList>
      <platform>glnxa64</platform>
    </platformList>
    <releaseFamily>R2019b</releaseFamily>
    <size>506389</size>
    <type></type>
    <uncompressedBytes>1654773</uncompressedBytes>
  </component>
</componentData>
