<?xml version='1.0' standalone='yes'?>
<componentData>
  <component>
    <componentBaseName>license_manager</componentBaseName>
    <componentFileName>license_manager_glnxa64_1563495738.enc</componentFileName>
    <componentName>license_manager_glnxa64</componentName>
    <componentVersion>1563495738</componentVersion>
    <instrset>0</instrset>
    <locale></locale>
    <locationId>1</locationId>
    <numFiles>26</numFiles>
    <platformList>
      <platform>glnxa64</platform>
    </platformList>
    <releaseFamily>R2019b</releaseFamily>
    <size>4783782</size>
    <type></type>
    <uncompressedBytes>11530266</uncompressedBytes>
  </component>
</componentData>
