<?xml version='1.0' standalone='yes'?>
<contents>
  <componentFiles>license_manager_glnxa64_1563495738.enc</componentFiles>
  <componentFiles>gcc_runtime_glnxa64_1563491836.enc</componentFiles>
  <componentFiles>bin_utils_glnxa64_1563491891.enc</componentFiles>
  <componentFiles>3p/flexnet_glnxa64_1563491806.enc</componentFiles>
  <definitions>license_manager_glnxa64_1563495738.xml</definitions>
  <definitions>gcc_runtime_glnxa64_1563491836.xml</definitions>
  <definitions>bin_utils_glnxa64_1563491891.xml</definitions>
  <definitions>3p/flexnet_glnxa64_1563491806.xml</definitions>
  <definitions>productdata_Network_License_Manager111621_glnxa64.xml</definitions>
</contents>
