<?xml version='1.0' standalone='yes'?>
<productAdditionalComps>
  <dependsOn>
    <component>
      <name>license_manager_glnxa64</name>
      <instrset>0</instrset>
      <locale></locale>
      <platformList>
        <platform>glnxa64</platform>
      </platformList>
      <version>1563495738</version>
    </component>
    <component>
      <name>gcc_runtime_glnxa64</name>
      <instrset>0</instrset>
      <locale></locale>
      <platformList>
        <platform>glnxa64</platform>
      </platformList>
      <version>1563491836</version>
    </component>
    <component>
      <name>bin_utils_glnxa64</name>
      <instrset>0</instrset>
      <locale></locale>
      <platformList>
        <platform>glnxa64</platform>
      </platformList>
      <version>1563491891</version>
    </component>
    <component>
      <name>3p/flexnet_glnxa64</name>
      <instrset>0</instrset>
      <locale></locale>
      <platformList>
        <platform>glnxa64</platform>
      </platformList>
      <version>1563491806</version>
    </component>
  </dependsOn>
  <isControllingProduct>false</isControllingProduct>
  <licenseAgreementType></licenseAgreementType>
  <platform>glnxa64</platform>
  <productBaseCode></productBaseCode>
  <productName>Network License Manager</productName>
  <productNumber>0</productNumber>
  <productType>licensedProduct</productType>
  <productVersion>11.16.2.1</productVersion>
  <releaseDescription>R2019b</releaseDescription>
  <releaseFamily>R2019b</releaseFamily>
</productAdditionalComps>
