<?xml version='1.0' standalone='yes'?>
<componentData>
  <component>
    <componentBaseName>3p/flexnet</componentBaseName>
    <componentFileName>3p/flexnet_glnxa64_1563491806.enc</componentFileName>
    <componentName>3p/flexnet_glnxa64</componentName>
    <componentVersion>1563491806</componentVersion>
    <instrset>0</instrset>
    <locale></locale>
    <locationId>1</locationId>
    <numFiles>3</numFiles>
    <platformList>
      <platform>glnxa64</platform>
    </platformList>
    <releaseFamily>R2019b</releaseFamily>
    <size>1603380</size>
    <type></type>
    <uncompressedBytes>3760912</uncompressedBytes>
  </component>
</componentData>
